CREATE DATABASE  IF NOT EXISTS `vio_maria_eduarda_cubero` /*!40100 DEFAULT CHARACTER SET utf8mb4 COLLATE utf8mb4_0900_ai_ci */ /*!80016 DEFAULT ENCRYPTION='N' */;
USE `vio_maria_eduarda_cubero`;
-- MySQL dump 10.13  Distrib 8.0.43, for Win64 (x86_64)
--
-- Host: localhost    Database: vio_maria_eduarda_cubero
-- ------------------------------------------------------
-- Server version	8.0.43

/*!40101 SET @OLD_CHARACTER_SET_CLIENT=@@CHARACTER_SET_CLIENT */;
/*!40101 SET @OLD_CHARACTER_SET_RESULTS=@@CHARACTER_SET_RESULTS */;
/*!40101 SET @OLD_COLLATION_CONNECTION=@@COLLATION_CONNECTION */;
/*!50503 SET NAMES utf8 */;
/*!40103 SET @OLD_TIME_ZONE=@@TIME_ZONE */;
/*!40103 SET TIME_ZONE='+00:00' */;
/*!40014 SET @OLD_UNIQUE_CHECKS=@@UNIQUE_CHECKS, UNIQUE_CHECKS=0 */;
/*!40014 SET @OLD_FOREIGN_KEY_CHECKS=@@FOREIGN_KEY_CHECKS, FOREIGN_KEY_CHECKS=0 */;
/*!40101 SET @OLD_SQL_MODE=@@SQL_MODE, SQL_MODE='NO_AUTO_VALUE_ON_ZERO' */;
/*!40111 SET @OLD_SQL_NOTES=@@SQL_NOTES, SQL_NOTES=0 */;

--
-- Table structure for table `compra`
--

DROP TABLE IF EXISTS `compra`;
/*!40101 SET @saved_cs_client     = @@character_set_client */;
/*!50503 SET character_set_client = utf8mb4 */;
CREATE TABLE `compra` (
  `id` int NOT NULL AUTO_INCREMENT,
  `id_usuario` int NOT NULL,
  `data_compra` date NOT NULL,
  PRIMARY KEY (`id`),
  KEY `id_usuario` (`id_usuario`),
  CONSTRAINT `compra_ibfk_1` FOREIGN KEY (`id_usuario`) REFERENCES `usuario` (`id`)
) ENGINE=InnoDB AUTO_INCREMENT=6 DEFAULT CHARSET=utf8mb4 COLLATE=utf8mb4_0900_ai_ci;
/*!40101 SET character_set_client = @saved_cs_client */;

--
-- Dumping data for table `compra`
--

LOCK TABLES `compra` WRITE;
/*!40000 ALTER TABLE `compra` DISABLE KEYS */;
INSERT INTO `compra` VALUES (1,1,'2025-09-01'),(2,5,'2025-09-05'),(3,8,'2025-09-07'),(4,12,'2025-09-10'),(5,15,'2025-09-12');
/*!40000 ALTER TABLE `compra` ENABLE KEYS */;
UNLOCK TABLES;

--
-- Table structure for table `evento`
--

DROP TABLE IF EXISTS `evento`;
/*!40101 SET @saved_cs_client     = @@character_set_client */;
/*!50503 SET character_set_client = utf8mb4 */;
CREATE TABLE `evento` (
  `id` int NOT NULL AUTO_INCREMENT,
  `nome` varchar(100) NOT NULL,
  `data_evento` date NOT NULL,
  `local` varchar(100) NOT NULL,
  `id_organizador` int NOT NULL,
  PRIMARY KEY (`id`),
  KEY `id_organizador` (`id_organizador`),
  CONSTRAINT `evento_ibfk_1` FOREIGN KEY (`id_organizador`) REFERENCES `organizador` (`id`)
) ENGINE=InnoDB AUTO_INCREMENT=4 DEFAULT CHARSET=utf8mb4 COLLATE=utf8mb4_0900_ai_ci;
/*!40101 SET character_set_client = @saved_cs_client */;

--
-- Dumping data for table `evento`
--

LOCK TABLES `evento` WRITE;
/*!40000 ALTER TABLE `evento` DISABLE KEYS */;
INSERT INTO `evento` VALUES (1,'Festival de Verão','2024-12-15','Praia Central',1),(2,'Congresso de Tecnologia','2024-11-20','Centro de Convenções',2),(3,'Show Internacional','2024-10-30','Arena Principal',3);
/*!40000 ALTER TABLE `evento` ENABLE KEYS */;
UNLOCK TABLES;

--
-- Table structure for table `ingresso`
--

DROP TABLE IF EXISTS `ingresso`;
/*!40101 SET @saved_cs_client     = @@character_set_client */;
/*!50503 SET character_set_client = utf8mb4 */;
CREATE TABLE `ingresso` (
  `id` int NOT NULL AUTO_INCREMENT,
  `id_evento` int NOT NULL,
  `tipo` varchar(50) NOT NULL,
  `preco` decimal(10,2) NOT NULL,
  PRIMARY KEY (`id`),
  KEY `id_evento` (`id_evento`),
  CONSTRAINT `ingresso_ibfk_1` FOREIGN KEY (`id_evento`) REFERENCES `evento` (`id`)
) ENGINE=InnoDB AUTO_INCREMENT=6 DEFAULT CHARSET=utf8mb4 COLLATE=utf8mb4_0900_ai_ci;
/*!40101 SET character_set_client = @saved_cs_client */;

--
-- Dumping data for table `ingresso`
--

LOCK TABLES `ingresso` WRITE;
/*!40000 ALTER TABLE `ingresso` DISABLE KEYS */;
INSERT INTO `ingresso` VALUES (1,1,'VIP',500.00),(2,1,'Pista',150.00),(4,3,'VIP',660.00),(5,3,'Pista',275.00);
/*!40000 ALTER TABLE `ingresso` ENABLE KEYS */;
UNLOCK TABLES;

--
-- Table structure for table `ingresso_compra`
--

DROP TABLE IF EXISTS `ingresso_compra`;
/*!40101 SET @saved_cs_client     = @@character_set_client */;
/*!50503 SET character_set_client = utf8mb4 */;
CREATE TABLE `ingresso_compra` (
  `id` int NOT NULL AUTO_INCREMENT,
  `id_compra` int NOT NULL,
  `id_ingresso` int NOT NULL,
  `quantidade` int NOT NULL,
  PRIMARY KEY (`id`),
  KEY `id_compra` (`id_compra`),
  KEY `id_ingresso` (`id_ingresso`),
  CONSTRAINT `ingresso_compra_ibfk_1` FOREIGN KEY (`id_compra`) REFERENCES `compra` (`id`),
  CONSTRAINT `ingresso_compra_ibfk_2` FOREIGN KEY (`id_ingresso`) REFERENCES `ingresso` (`id`)
) ENGINE=InnoDB AUTO_INCREMENT=13 DEFAULT CHARSET=utf8mb4 COLLATE=utf8mb4_0900_ai_ci;
/*!40101 SET character_set_client = @saved_cs_client */;

--
-- Dumping data for table `ingresso_compra`
--

LOCK TABLES `ingresso_compra` WRITE;
/*!40000 ALTER TABLE `ingresso_compra` DISABLE KEYS */;
INSERT INTO `ingresso_compra` VALUES (9,1,1,2),(10,2,2,1),(11,3,4,3),(12,4,5,1);
/*!40000 ALTER TABLE `ingresso_compra` ENABLE KEYS */;
UNLOCK TABLES;

--
-- Table structure for table `organizador`
--

DROP TABLE IF EXISTS `organizador`;
/*!40101 SET @saved_cs_client     = @@character_set_client */;
/*!50503 SET character_set_client = utf8mb4 */;
CREATE TABLE `organizador` (
  `id` int NOT NULL AUTO_INCREMENT,
  `nome` varchar(100) NOT NULL,
  `email` varchar(100) NOT NULL,
  `senha` varchar(50) NOT NULL,
  `telefone` varchar(15) NOT NULL,
  PRIMARY KEY (`id`),
  UNIQUE KEY `email` (`email`)
) ENGINE=InnoDB AUTO_INCREMENT=6 DEFAULT CHARSET=utf8mb4 COLLATE=utf8mb4_0900_ai_ci;
/*!40101 SET character_set_client = @saved_cs_client */;

--
-- Dumping data for table `organizador`
--

LOCK TABLES `organizador` WRITE;
/*!40000 ALTER TABLE `organizador` DISABLE KEYS */;
INSERT INTO `organizador` VALUES (1,'Organização ABC','contato@abc.com','senha123','11111222333'),(2,'Eventos XYZ','info@xyz.com','senha123','11999999999'),(3,'Festivais BR','contato@festbr.com','senha123','11333444555'),(4,'Eventos GL','support@gl.com','senha123','11444555666'),(5,'Eventos JQ','contact@jq.com','senha123','11555666777');
/*!40000 ALTER TABLE `organizador` ENABLE KEYS */;
UNLOCK TABLES;

--
-- Table structure for table `presenca`
--

DROP TABLE IF EXISTS `presenca`;
/*!40101 SET @saved_cs_client     = @@character_set_client */;
/*!50503 SET character_set_client = utf8mb4 */;
CREATE TABLE `presenca` (
  `id` int NOT NULL AUTO_INCREMENT,
  `id_usuario` int NOT NULL,
  `id_evento` int NOT NULL,
  `data_checkin` date NOT NULL,
  PRIMARY KEY (`id`),
  KEY `id_usuario` (`id_usuario`),
  KEY `id_evento` (`id_evento`),
  CONSTRAINT `presenca_ibfk_1` FOREIGN KEY (`id_usuario`) REFERENCES `usuario` (`id`),
  CONSTRAINT `presenca_ibfk_2` FOREIGN KEY (`id_evento`) REFERENCES `evento` (`id`)
) ENGINE=InnoDB AUTO_INCREMENT=4 DEFAULT CHARSET=utf8mb4 COLLATE=utf8mb4_0900_ai_ci;
/*!40101 SET character_set_client = @saved_cs_client */;

--
-- Dumping data for table `presenca`
--

LOCK TABLES `presenca` WRITE;
/*!40000 ALTER TABLE `presenca` DISABLE KEYS */;
INSERT INTO `presenca` VALUES (1,1,1,'2024-12-15'),(2,5,1,'2024-12-15'),(3,8,3,'2024-10-30');
/*!40000 ALTER TABLE `presenca` ENABLE KEYS */;
UNLOCK TABLES;

--
-- Table structure for table `usuario`
--

DROP TABLE IF EXISTS `usuario`;
/*!40101 SET @saved_cs_client     = @@character_set_client */;
/*!50503 SET character_set_client = utf8mb4 */;
CREATE TABLE `usuario` (
  `id` int NOT NULL AUTO_INCREMENT,
  `nome` varchar(100) NOT NULL,
  `email` varchar(100) NOT NULL,
  `senha` varchar(50) NOT NULL,
  `telefone` varchar(15) NOT NULL,
  `data_nascimento` date NOT NULL,
  PRIMARY KEY (`id`),
  UNIQUE KEY `email` (`email`)
) ENGINE=InnoDB AUTO_INCREMENT=21 DEFAULT CHARSET=utf8mb4 COLLATE=utf8mb4_0900_ai_ci;
/*!40101 SET character_set_client = @saved_cs_client */;

--
-- Dumping data for table `usuario`
--

LOCK TABLES `usuario` WRITE;
/*!40000 ALTER TABLE `usuario` DISABLE KEYS */;
INSERT INTO `usuario` VALUES (1,'João Silva','joao.silva@example.com','senha123','16123456789','1990-01-15'),(2,'Maria Oliveira','maria.oliveira@example.com','senha123','16987654321','1985-06-23'),(3,'Carlos Pereira','carlos.pereira@example.com','senha123','16123987456','1992-11-30'),(4,'Ana Souza','ana.souza@example.com','senha123','16456123789','1987-04-18'),(5,'Pedro Costa','pedro.costa@example.com','senha123','16789123456','1995-08-22'),(6,'Laura Lima','laura.lima@example.com','senha123','16321654987','1998-09-09'),(7,'Lucas Alves','lucas.alves@example.com','senha123','16654321987','1993-12-01'),(8,'Fernanda Rocha','fernanda.rocha@example.com','senha123','16741852963','1991-07-07'),(9,'Rafael Martins','rafael.martins@example.com','senha123','16369258147','1994-03-27'),(10,'Juliana Nunes','juliana.nunes@example.com','senha123','16258147369','1986-05-15'),(11,'Paulo Araujo','paulo.araujo@example.com','senha123','16159753486','1997-10-12'),(12,'Beatriz Melo','beatriz.melo@example.com','senha123','16486159753','1990-02-28'),(13,'Renato Dias','renato.dias@example.com','senha123','16753486159','1996-11-11'),(14,'Camila Ribeiro','camila.ribeiro@example.com','senha123','16963852741','1989-08-03'),(15,'Thiago Teixeira','thiago.teixeira@example.com','senha123','16852741963','1992-12-24'),(16,'Patrícia Fernandes','patricia.fernandes@example.com','senha123','16741963852','1991-01-10'),(17,'Rodrigo Gomes','rodrigo.gomes@example.com','senha123','16963741852','1987-06-30'),(18,'Mariana Batista','mariana.batista@example.com','senha123','16147258369','1998-09-22'),(19,'Fábio Freitas','fabio.freitas@example.com','senha123','16369147258','1994-04-16'),(20,'Isabela Cardoso','isabela.cardoso@example.com','senha123','16258369147','1985-11-08');
/*!40000 ALTER TABLE `usuario` ENABLE KEYS */;
UNLOCK TABLES;

--
-- Dumping events for database 'vio_maria_eduarda_cubero'
--

--
-- Dumping routines for database 'vio_maria_eduarda_cubero'
--
/*!40103 SET TIME_ZONE=@OLD_TIME_ZONE */;

/*!40101 SET SQL_MODE=@OLD_SQL_MODE */;
/*!40014 SET FOREIGN_KEY_CHECKS=@OLD_FOREIGN_KEY_CHECKS */;
/*!40014 SET UNIQUE_CHECKS=@OLD_UNIQUE_CHECKS */;
/*!40101 SET CHARACTER_SET_CLIENT=@OLD_CHARACTER_SET_CLIENT */;
/*!40101 SET CHARACTER_SET_RESULTS=@OLD_CHARACTER_SET_RESULTS */;
/*!40101 SET COLLATION_CONNECTION=@OLD_COLLATION_CONNECTION */;
/*!40111 SET SQL_NOTES=@OLD_SQL_NOTES */;

-- Dump completed on 2025-09-17 19:54:47
